insert into users (name, surname, login, password_hash, salt)
values ('Олександр', 'Петренко', 'alex.petrenko', 'hash1234567890abcdef', 'salt1234'),
       ('Марія', 'Іваненко', 'maria.ivanenko', 'hash2345678901bcdef0', 'salt2345'),
       ('Дмитро', 'Сидоренко', 'dmitro.sidorenko', 'hash3456789012cdef01', 'salt3456'),
       ('Анна', 'Коваленко', 'anna.kovalenko', 'hash456789013def012', 'salt4567'),
       ('Володимир', 'Шевченко', 'volodymyr.shev', 'hash56789014ef0123', 'salt5678'),
       ('Ольга', 'Бондаренко', 'olga.bondarenko', 'hash6789015f01234', 'salt6789');

insert into statuses (name, color)
values ('Нове', '#FF6B6B'),
       ('В роботі', '#4ECDC4'),
       ('Тестування', '#FFE66D'),
       ('Виконано', '#95E1D3');

insert into categories (name, color)
values ('Розробка', '#6C5CE7'),
       ('Дизайн', '#FD79A8'),
       ('Тестування', '#FDCB6E'),
       ('Документація', '#00B894'),
       ('Аналітика', '#00CEC9');

insert into project_roles (name)
values ('Менеджер проекту'),
       ('Розробник'),
       ('Дизайнер'),
       ('Тестувальник');

insert into projects (owner_id, name, description, start_date, end_date)
values (1, 'CRM Система', 'Розробка системи управління клієнтами', '2024-01-15', '2024-06-30'),
       (2, 'Мобільний додаток', 'Розробка мобільного додатку для Android та iOS', '2024-02-01', '2024-08-15'),
       (3, 'Веб-портал', 'Корпоративний веб-портал для співробітників', '2024-01-10', '2024-05-20');

insert into project_members (project_id, user_id, role_id)
values (1, 1, 1),
       (1, 2, 2),
       (1, 3, 2),
       (1, 4, 3),
       (2, 2, 1),
       (2, 5, 2),
       (2, 6, 3),
       (3, 3, 1),
       (3, 4, 2),
       (3, 1, 4);

insert into tasks (owner_id, status_id, category_id, project_id, title, description, priority, deadline,
                   estimated_hours, actual_hours)
values (1, 2, 5, 1, 'Аналіз вимог', 'Зібрати та проаналізувати вимоги клієнта', 5, '2024-02-01', 40, 35),
       (2, 3, 1, 1, 'Розробка API', 'Створити REST API для CRM системи', 4, '2024-03-15', 80, 75),
       (4, 2, 2, 1, 'Дизайн інтерфейсу', 'Створити макети основних сторінок', 4, '2024-02-10', 60, 45),
       (2, 1, 1, 2, 'Архітектура додатку', 'Спроектувати архітектуру мобільного додатку', 5, '2024-02-15', 30, 0),
       (5, 2, 1, 2, 'Розробка авторизації', 'Реалізувати систему входу користувачів', 4, '2024-03-01', 40, 25),
       (6, 1, 2, 2, 'UI/UX дизайн', 'Створити дизайн усіх екранів додатку', 4, '2024-02-28', 70, 0),
       (3, 4, 1, 3, 'Налаштування сервера', 'Підготувати серверне середовище', 3, '2024-01-25', 15, 18),
       (4, 2, 1, 3, 'Модуль новин', 'Розробити систему публікації новин', 2, '2024-03-10', 35, 20),
       (1, 1, 4, null, 'Оновлення документації', 'Актуалізувати технічну документацію', 2, '2024-03-30', 15, 0),
       (3, 2, 3, null, 'Тестування системи', 'Провести загальне тестування', 3, '2024-02-25', 25, 10);

insert into task_assignees (task_id, user_id)
values (1, 1),
       (1, 4),
       (2, 2),
       (2, 3),
       (3, 4),
       (4, 2),
       (4, 5),
       (5, 5),
       (6, 6),
       (7, 3),
       (8, 4),
       (9, 1),
       (10, 3);